,nameModel,trial_optimizacion_bayesiana,Step_validacion,time,MSE,RMSE,MAE,MAPE
0,ELM_tanh_192.0,1,1,0.055551767349243164,40423340836.60353,376234.6571336598,201055.56653970946,85856.5092077864
1,ELM_tanh_192.0,1,2,0.05021476745605469,2670140837.4630604,48728.658568672916,51673.40551447195,13427.512570529765
2,ELM_tanh_192.0,1,3,0.0598602294921875,513016.0733609401,416.4031947993124,716.251403740991,155.60508571579237
3,ELM_tanh_192.0,1,4,0.059560298919677734,3835101.563570928,1226.992852845083,1958.3415339442015,413.1379349546116
4,ELM_tanh_192.0,1,5,0.09038043022155762,126472241.69175297,2074.425416320977,11245.987804179453,478.16744597317705
5,ELM_sigm_64.0,2,1,0.007421255111694336,6246163.651770497,3769.0770590016473,2499.232612577408,866.2122913607982
6,ELM_sigm_64.0,2,2,0.004644870758056641,5.450730243078474,6.582210384073036,2.3346799016307296,1.077510944390612
7,ELM_sigm_64.0,2,3,0.0014955997467041016,46262.677282021825,219.13143717084637,215.0876037386205,68.411214785112
8,ELM_sigm_64.0,2,4,0.01640009880065918,1805.8542034259624,42.67410102517481,42.49534331460286,13.502826230948221
9,ELM_sigm_64.0,2,5,0.007476806640625,0.8859074723443615,3.7184601883919357,0.941226578643188,0.7089133429916787
10,ELM_sigm_288.0,3,1,0.05201864242553711,608238674.5891385,46822.272207943584,24662.49530337793,9904.918504362528
11,ELM_sigm_288.0,3,2,0.07990741729736328,25883660.9477681,5508.7342100831365,5087.598740837184,1394.3318734803306
12,ELM_sigm_288.0,3,3,0.013921260833740234,552586.8773389022,422.331030599032,743.3618750910637,124.1415976973438
13,ELM_sigm_288.0,3,4,0.07972383499145508,312619.26676949655,585.1572288069312,559.1236596402414,178.8475893290845
14,ELM_sigm_288.0,3,5,0.0330202579498291,221.7546162364568,24.332533761125635,14.891427609079553,3.186478136610713
15,ELM_tanh_416.0,4,1,0.11841583251953125,22773163538.526463,411757.2020186578,150907.79813689704,78177.70328958769
16,ELM_tanh_416.0,4,2,0.1521766185760498,423529022.5821606,30314.407760789905,20579.82076166264,6642.657469940308
17,ELM_tanh_416.0,4,3,0.13572359085083008,247893714.76472962,16678.754513834734,15744.640826793402,4459.049225274006
18,ELM_tanh_416.0,4,4,0.1620488166809082,15710377.711986186,4203.990156237231,3963.631884015743,877.7119089698789
19,ELM_tanh_416.0,4,5,0.14836597442626953,208307.5938147922,146.7593186161541,456.40726748682715,28.71969974133406
20,ELM_sigm_64.0,5,1,0.002351522445678711,47850.12487794128,189.68507100019917,218.74671398204197,51.95950363743443
21,ELM_sigm_64.0,5,2,0.00463557243347168,6.643106144518269,5.879248482812398,2.5774223838009687,1.252450302432702
22,ELM_sigm_64.0,5,3,0.006193637847900391,81.73895351866707,12.153094411428267,9.040959767561576,2.996044742586217
23,ELM_sigm_64.0,5,4,0.004820585250854492,2104.357045264832,12.712351255878254,45.873271577955194,4.486238921301453
24,ELM_sigm_64.0,5,5,0.006158351898193359,1.0019202870505532,3.3967226578505687,1.000959683029518,0.7424329057787786
25,ELM_tanh_480.0,6,1,0.09600591659545898,8122123287.93832,225347.86599615,90122.82334646602,44101.446231014605
26,ELM_tanh_480.0,6,2,0.18268847465515137,459808253.3727684,28562.0386465684,21443.1400073023,7615.634282826292
27,ELM_tanh_480.0,6,3,0.1706249713897705,50526643.78538241,6092.814595072923,7108.209604772668,1886.806828015098
28,ELM_tanh_480.0,6,4,0.19745588302612305,105340486.87084843,11643.879284867002,10263.551377123244,3239.3552949674554
29,ELM_tanh_480.0,6,5,0.2226881980895996,15585948.753344385,769.6007640495501,3947.904349568817,264.4022630832183
30,ELM_tanh_96.0,7,1,0.03281354904174805,507489813.3953426,39233.03631887192,22527.534560962114,8983.258220646738
31,ELM_tanh_96.0,7,2,0.031244993209838867,166.90022286304304,15.55185014516809,12.918986913184913,3.0809811303797376
32,ELM_tanh_96.0,7,3,0.03750300407409668,132296.3356938303,203.3027161528565,363.7256324399345,68.19237475240904
33,ELM_tanh_96.0,7,4,0.04504966735839844,94.21992902807453,12.646728608656748,9.706695062073111,2.607700285904938
34,ELM_tanh_96.0,7,5,0.04511618614196777,8.097567070229074,3.7306201596031463,2.8456224398589973,0.9693392942657464
35,ELM_sigm_480.0,8,1,0.1322941780090332,875544552.0093603,85123.13857091976,29589.602092785233,15564.372185364819
36,ELM_sigm_480.0,8,2,0.1216578483581543,20392541.557536583,9697.235830519012,4515.81017731443,1652.0182899486347
37,ELM_sigm_480.0,8,3,0.1045677661895752,69297054.18648489,6863.331371742339,8324.485220509727,2400.419822166419
38,ELM_sigm_480.0,8,4,0.10097265243530273,18172030.504146777,5491.3527826730615,4262.866465671517,1325.458889840669
39,ELM_sigm_480.0,8,5,0.11289095878601074,9651.800399957947,309.84637936053855,98.24357688906663,19.36411255248425
40,ELM_sigm_256.0,9,1,0.03670454025268555,119176728625.32234,267587.2427245119,345219.8265240893,83532.09315928421
41,ELM_sigm_256.0,9,2,0.03504753112792969,21920028.83891366,2281.816551460318,4681.883044130178,871.2686576268072
42,ELM_sigm_256.0,9,3,0.03322601318359375,1437439.9942370546,661.3268106846422,1198.9328564340267,228.929081319717
43,ELM_sigm_256.0,9,4,0.00855708122253418,1913797.0484407137,872.7827151394969,1383.4005379645887,319.459976160654
44,ELM_sigm_256.0,9,5,0.011553525924682617,59.523512403461304,15.493263911866006,7.715148242481236,2.406215436288455
45,ELM_tanh_352.0,10,1,0.0539851188659668,19101547890.897137,373719.351592615,138208.34957012234,68610.30266563545
46,ELM_tanh_352.0,10,2,0.05233573913574219,570218200.5182446,32846.00975510689,23879.24204237322,8478.061791260037
47,ELM_tanh_352.0,10,3,0.05989670753479004,572117586.8800997,32137.391399618766,23918.97963710199,4857.558828481567
48,ELM_tanh_352.0,10,4,0.06339550018310547,43877294.93356939,6785.058831294718,6623.993880852351,2013.8871846091063
49,ELM_tanh_352.0,10,5,0.07294702529907227,438502.70821001945,248.5484612361772,662.1953701212501,52.983499457668486
50,ELM_sigm_288.0,11,1,0.03637361526489258,564955770.4406241,41634.3902604496,23768.79825402673,9576.055427915775
51,ELM_sigm_288.0,11,2,0.04175901412963867,1254363.227203346,1996.4766529624478,1119.9835834526084,350.8142200083841
52,ELM_sigm_288.0,11,3,0.007570505142211914,524966.1227056755,619.4071097234952,724.545459378275,160.1349990951799
53,ELM_sigm_288.0,11,4,0.010947942733764648,614620.044372957,304.56248904543656,783.9770687800485,126.71842103385168
54,ELM_sigm_288.0,11,5,0.05083155632019043,94.84676866375092,10.049539159445494,9.738930570845596,1.7249651946026425
55,ELM_tanh_288.0,12,1,0.0344693660736084,12814517804.40341,261536.36973698385,113201.22704460146,49006.21355476652
56,ELM_tanh_288.0,12,2,0.044851064682006836,231516358.93247145,15786.35015959809,15215.661633082915,4070.7600497399817
57,ELM_tanh_288.0,12,3,0.04433321952819824,34712115.745220415,3930.293257565693,5891.698884466213,1393.9978180896253
58,ELM_tanh_288.0,12,4,0.05296039581298828,1574711.1509236745,394.6211800347487,1254.874954297708,127.18142931501286
59,ELM_tanh_288.0,12,5,0.0514984130859375,181613.8894497869,128.16560110491628,426.16181134609764,27.386476198257856
60,ELM_sigm_160.0,13,1,0.025699615478515625,78097253.48341388,10872.272380151026,8837.265045443295,2678.0339899876094
61,ELM_sigm_160.0,13,2,0.002887248992919922,668222.6380232725,365.0875518617982,817.4488595767153,104.54905734377051
62,ELM_sigm_160.0,13,3,0.008925199508666992,3091426.0837555993,1470.6566247641385,1758.2451716855642,493.05290287525355
63,ELM_sigm_160.0,13,4,0.009392499923706055,334317.5117845409,590.3881645364818,578.2019645284344,183.04021803391683
64,ELM_sigm_160.0,13,5,0.005959510803222656,2.3812414883903297,6.706653834760272,1.5431271782942357,1.0179870931132065
65,ELM_sigm_448.0,14,1,0.07945632934570312,663708054.7995365,98194.17726673612,25762.531995119123,16359.561598171127
66,ELM_sigm_448.0,14,2,0.06946730613708496,48694767.51178362,13856.988778865758,6978.1636203075395,2528.524017742837
67,ELM_sigm_448.0,14,3,0.08626508712768555,157627168.82632178,10297.287692577092,12554.965903033022,3478.990964103895
68,ELM_sigm_448.0,14,4,0.08777594566345215,81214231.55082852,8484.471901045352,9011.893893673434,2704.1817038600298
69,ELM_sigm_448.0,14,5,0.08974695205688477,771.1765340936302,69.82246297864235,27.77006543192922,6.131448689006848
70,ELM_sigm_384.0,15,1,0.04911041259765625,9840597563.091415,256305.70842928035,99199.78610406081,44117.64631708683
71,ELM_sigm_384.0,15,2,0.06133246421813965,75801878.4531797,8408.472577814644,8706.4274219211,2216.1385776150855
72,ELM_sigm_384.0,15,3,0.05915498733520508,3694712.686652272,1999.984005868104,1922.1635431597053,614.8115862619982
73,ELM_sigm_384.0,15,4,0.06229090690612793,202788170.59425697,7079.916300237114,14240.37115366931,2925.484019252511
74,ELM_sigm_384.0,15,5,0.06966352462768555,2678.0793642168355,52.265207547627526,51.750162939036585,6.210882383534606
75,ELM_sigm_352.0,16,1,0.04797840118408203,984538979.874558,75759.41545958123,31377.36413203885,14155.705993793503
76,ELM_sigm_352.0,16,2,0.05517148971557617,14529067.404621394,3917.034607601995,3811.7013792559083,912.2501556752184
77,ELM_sigm_352.0,16,3,0.06087446212768555,13056419.954409858,1470.682167019844,3613.3668447045143,637.5569910706001
78,ELM_sigm_352.0,16,4,0.06928467750549316,85318965.31065695,9466.373643908233,9236.826582255237,2868.936675659218
79,ELM_sigm_352.0,16,5,0.020105361938476562,3389.635955752465,51.156143122039225,58.22058017361614,6.904954912406734
80,ELM_sigm_64.0,17,1,0.0007171630859375,15701.560844902238,148.6212831019981,125.30586915584696,35.85250712670445
81,ELM_sigm_64.0,17,2,0.0009868144989013672,360.43134104637574,12.95765555024128,18.98502939282359,3.612784485081895
82,ELM_sigm_64.0,17,3,0.0013756752014160156,952.8685363884082,21.728918465830287,30.868568745382547,6.216005604070242
83,ELM_sigm_64.0,17,4,0.0017571449279785156,2188.7227487586515,17.319570804094315,46.78378724257637,4.136991314842254
84,ELM_sigm_64.0,17,5,0.0021295547485351562,0.8716421183002311,2.527777454056045,0.9336177581324335,0.6800260764094229
85,ELM_tanh_96.0,18,1,0.025628089904785156,818486458.0493661,24151.055399710163,28609.202331581462,7115.563990352778
86,ELM_tanh_96.0,18,2,0.024392366409301758,807238.313136298,604.9486030332407,898.4644195160419,111.56228639459044
87,ELM_tanh_96.0,18,3,0.02667713165283203,2931100.3464218434,1779.9908162800523,1712.0456613133433,518.362107714329
88,ELM_tanh_96.0,18,4,0.020549774169921875,357087234.6345888,14460.282707057933,18896.75195991599,4320.480653652078
89,ELM_tanh_96.0,18,5,0.03392958641052246,1.5230227818997981,4.372282527488078,1.2341080916596399,0.8262216944976711
90,ELM_tanh_256.0,19,1,0.04312944412231445,13665391275.253567,194383.97168908874,116899.06447552763,48598.76976622187
91,ELM_tanh_256.0,19,2,0.042896270751953125,33313603.81259836,5504.31618844571,5771.7938123774275,1534.3763388764235
92,ELM_tanh_256.0,19,3,0.04284095764160156,14566994.872077167,3735.706900611275,3816.673272901044,1181.4415667322025
93,ELM_tanh_256.0,19,4,0.05431699752807617,17504406.100771222,1978.582931089548,4183.826729295947,511.53164684523944
94,ELM_tanh_256.0,19,5,0.05095052719116211,1059575.4527906224,197.96707660457807,1029.3568150989347,46.07158612957079
95,ELM_tanh_416.0,20,1,0.06852245330810547,13644643720.951122,276851.49289537175,116810.2894481095,66701.61896718781
96,ELM_tanh_416.0,20,2,0.06908893585205078,5506528976.432245,62358.068523498856,74205.99016543236,20832.572186071666
97,ELM_tanh_416.0,20,3,0.0824131965637207,2491073931.2698708,50586.64995257411,49910.659495441156,14741.034556954903
98,ELM_tanh_416.0,20,4,0.08391952514648438,212598025.66710377,13104.82097250076,14580.741602096368,3816.594014228631
99,ELM_tanh_416.0,20,5,0.08745312690734863,1138153.4590648809,218.28805983998404,1066.8427527357915,62.79132682227168
100,ELM_sigm_160.0,21,1,0.04012751579284668,1279125172.3409336,40570.10155406734,35764.859462060434,11818.953031840478
101,ELM_sigm_160.0,21,2,0.03213977813720703,299099.9324238482,315.2726234793359,546.9002947739635,110.0478871555237
102,ELM_sigm_160.0,21,3,0.031939029693603516,81113.48326023087,191.6294620141385,284.80428939928356,65.89173332638335
103,ELM_sigm_160.0,21,4,0.008797168731689453,606.8578995035821,18.998596835115535,24.634485980096724,4.533875651054281
104,ELM_sigm_160.0,21,5,0.010355710983276367,11.011667043777482,9.039013368998093,3.318383197247943,1.3525860583875298
105,ELM_sigm_64.0,22,1,0.0016744136810302734,8405.649866419311,227.6031318344849,91.68233126627678,38.12890950475838
106,ELM_sigm_64.0,22,2,0.00263214111328125,8.907445615938537,8.78481071473717,2.9845344052194367,1.466013265676568
107,ELM_sigm_64.0,22,3,0.0034363269805908203,12.235955520372746,5.854283381664129,3.4979930703723165,1.383194626542638
108,ELM_sigm_64.0,22,4,0.004130840301513672,531783.4473998538,736.0260921164637,729.234836935163,232.0968681307226
109,ELM_sigm_64.0,22,5,0.004912853240966797,0.7323341258369506,3.018352826228389,0.8557652282238105,0.6237672294122606
110,ELM_sigm_128.0,23,1,0.002760171890258789,2125832639.4265945,69191.39706587448,46106.7526445595,17743.897652265645
111,ELM_sigm_128.0,23,2,0.004303932189941406,13364330.834702345,882.0784042699034,3655.725760324801,376.6783557692931
112,ELM_sigm_128.0,23,3,0.0058135986328125,945536.4779104174,435.5495511788118,972.3870000727167,195.34206109649023
113,ELM_sigm_128.0,23,4,0.007035732269287109,9970.291077086216,39.78396194551755,99.85134489372798,16.884621978163267
114,ELM_sigm_128.0,23,5,0.008213520050048828,2.0475375428480422,6.7897085271798066,1.4309219205980606,0.8224900141853384
115,ELM_sigm_192.0,24,1,0.030599117279052734,1260860379.863011,57013.41413034436,35508.595858791865,13571.821448725304
116,ELM_sigm_192.0,24,2,0.03774261474609375,1581448.8193502994,762.9289979440174,1257.5566863367628,220.43501482378983
117,ELM_sigm_192.0,24,3,0.011746644973754883,6005.325140826149,35.22356961466964,77.49403293690521,8.697435858549952
118,ELM_sigm_192.0,24,4,0.011239290237426758,61722.30127491938,72.83755802237756,248.43973368790947,18.085202706195158
119,ELM_sigm_192.0,24,5,0.04779171943664551,4.878452164388628,8.536755003356934,2.2087218395236254,0.9780068752694822
120,ELM_sigm_32.0,25,1,0.0029799938201904297,2.3095960652252594,5.104234630948034,1.5197355247625355,1.1452593668583189
121,ELM_sigm_32.0,25,2,0.001882314682006836,7.052946549385807,4.09713388178784,2.655738418855631,0.9508855518404555
122,ELM_sigm_32.0,25,3,0.0023238658905029297,1.156332109232657,3.6336355663776296,1.075328837720191,0.8265432827611277
123,ELM_sigm_32.0,25,4,0.0026721954345703125,0.9059584227921701,2.88873988838936,0.9518184820606134,0.7112137725586488
124,ELM_sigm_32.0,25,5,0.0029125213623046875,0.9142976209896794,3.0251881221527515,0.9561891136117788,0.7044189334802735
125,ELM_sigm_32.0,26,1,0.0010945796966552734,163.81982000417642,30.673408828553374,12.799211694638714,6.420399718459115
126,ELM_sigm_32.0,26,2,0.001707315444946289,0.9954861300774971,3.39348208321155,0.9977405123966336,0.7568078267517556
127,ELM_sigm_32.0,26,3,0.0022211074829101562,1.2926306121967952,3.0722662668833505,1.136939141817536,0.8212377759566905
128,ELM_sigm_32.0,26,4,0.00261688232421875,0.8059391561926648,1.6911187909323189,0.8977411409714188,0.6433370473151203
129,ELM_sigm_32.0,26,5,0.002536296844482422,0.8909789966135286,2.0536691732143906,0.943916837763544,0.6945633629765605
130,ELM_sigm_224.0,27,1,0.03441977500915527,403788786.6846488,46184.119286361696,20094.496427744805,8798.105398484266
131,ELM_sigm_224.0,27,2,0.037835121154785156,292698484.27653575,16790.616677118236,17108.433133298204,5176.1205718476795
132,ELM_sigm_224.0,27,3,0.04163980484008789,1159994.0240991376,465.8594807848485,1077.0301871809988,154.87022540222983
133,ELM_sigm_224.0,27,4,0.013639450073242188,1871.1657009962585,45.363899037853166,43.25697285983219,10.364741749631566
134,ELM_sigm_224.0,27,5,0.016237258911132812,394.7322844173563,17.671468279111878,19.867870656347556,2.6810120147884247
135,ELM_sigm_96.0,28,1,0.0019307136535644531,9822675132.435753,109500.74860498743,99109.40990862448,32816.26031690321
136,ELM_sigm_96.0,28,2,0.0036385059356689453,134.8370154522313,14.158980534446146,11.61193418222095,2.5589485060985853
137,ELM_sigm_96.0,28,3,0.004856109619140625,108860.75065880497,211.33294317288704,329.9405259418809,68.03490609007495
138,ELM_sigm_96.0,28,4,0.005986690521240234,12.612937770405544,5.319854549663549,3.5514698042367674,1.4085538628184322
139,ELM_sigm_96.0,28,5,0.007163047790527344,1.774159401454699,4.259489259711246,1.3319757510760843,0.7614958058873045
140,ELM_sigm_160.0,29,1,0.02859020233154297,5169460856.548038,138819.3389732462,71898.96283360447,29496.930635762266
141,ELM_sigm_160.0,29,2,0.02866506576538086,1613.766178159789,53.89443846592309,40.17170867861845,12.954582318661872
142,ELM_sigm_160.0,29,3,0.006826162338256836,1361.6967853082422,19.144814924907298,36.9011759339488,4.510652825642761
143,ELM_sigm_160.0,29,4,0.008832693099975586,9367.254981493661,68.48486805277452,96.78458028784162,20.294251975947418
144,ELM_sigm_160.0,29,5,0.010393142700195312,1.7119181938031955,7.181893409888687,1.3084029172251166,0.9157863982683964
145,ELM_sigm_64.0,30,1,0.002606630325317383,794255.715627208,400.87595173049533,891.21025332253,152.77934214176616
146,ELM_sigm_64.0,30,2,0.0026657581329345703,24489.15506800958,76.9356617376821,156.4901117259796,30.279620391739545
147,ELM_sigm_64.0,30,3,0.0034601688385009766,1.6386864361222757,5.116594769190389,1.2801118842203894,0.9342513133059732
148,ELM_sigm_64.0,30,4,0.004167795181274414,9.429902260642466,4.942121807860024,3.070814592358592,1.0832540692622965
149,ELM_sigm_64.0,30,5,0.004917621612548828,2.1821362466015186,4.369901992395562,1.4772055532665447,0.8525756579432243
150,ELM_sigm_32.0,31,1,0.003629922866821289,644.7526338197573,33.024200992357294,25.391979714464117,8.690401942678072
151,ELM_sigm_32.0,31,2,0.0016734600067138672,0.9710700625525027,3.354406960014729,0.9854288723964316,0.769304881035727
152,ELM_sigm_32.0,31,3,0.0021097660064697266,0.8927090842610582,2.6827995782148255,0.9448328340299453,0.7141830916020242
153,ELM_sigm_32.0,31,4,0.002479076385498047,41.796797949445555,5.266676125326545,6.46504431148353,1.1754777415677484
154,ELM_sigm_32.0,31,5,0.0030562877655029297,1.186853150025472,4.626336377365377,1.0894279003336897,0.8085766367956921
155,ELM_sigm_192.0,32,1,0.027791500091552734,259364229.16221583,38614.778391082495,16104.789013278498,5636.434392715021
156,ELM_sigm_192.0,32,2,0.003512144088745117,200918.47553885027,451.2479974930956,448.23930610651524,125.4118573703586
157,ELM_sigm_192.0,32,3,0.004456758499145508,2509621.184561696,1524.8554090019247,1584.1783941721008,411.734454956102
158,ELM_sigm_192.0,32,4,0.005901813507080078,38192.782655175855,110.86301219996494,195.4297384104473,32.2241280775614
159,ELM_sigm_192.0,32,5,0.008975028991699219,4860.154279233619,21.62054500891475,69.71480674314186,4.110557730720313
160,ELM_sigm_128.0,33,1,0.031260013580322266,15370334.37755741,5672.746179096869,3920.501801754134,1395.74746885467
161,ELM_sigm_128.0,33,2,0.003901958465576172,175784.47821328975,149.86436665314895,419.266595632528,54.85534150435378
162,ELM_sigm_128.0,33,3,0.005849361419677734,7.60514203491664,6.205516245856018,2.7577421987772244,1.3908859647242384
163,ELM_sigm_128.0,33,4,0.0065784454345703125,1849.139299164942,38.61281595570603,43.00161972722588,10.545302543810168
164,ELM_sigm_128.0,33,5,0.015838146209716797,51.25183604625704,6.126324650006089,7.159038765522718,1.1628289350166865
165,ELM_sigm_64.0,34,1,0.0029039382934570312,40588150863.65248,450846.70880205475,201465.01151230326,90116.11363365118
166,ELM_sigm_64.0,34,2,0.003072977066040039,54.7235000627297,7.997076431237038,7.397533376925696,1.6818236570124843
167,ELM_sigm_64.0,34,3,0.0038907527923583984,52.613222198492146,6.399603835219543,7.253497239159339,1.3366561283186644
168,ELM_sigm_64.0,34,4,0.004256010055541992,24.223781544969974,10.000437212181076,4.921766100189034,2.2256583987466874
169,ELM_sigm_64.0,34,5,0.005485057830810547,2.386988617665749,3.4570944621189286,1.5449882257369305,0.7841686024843317
170,ELM_sigm_224.0,35,1,0.05383110046386719,1320277557.4199953,58966.994451051934,36335.62380667208,14188.768493277097
171,ELM_sigm_224.0,35,2,0.06614422798156738,4823491.102266057,2027.1031753418963,2196.2447728488864,608.2538297196681
172,ELM_sigm_224.0,35,3,0.04976963996887207,7353.402333467378,62.61781352625559,85.7519815133585,19.103984367900722
173,ELM_sigm_224.0,35,4,0.013935327529907227,12118981.788722306,3313.669805605511,3481.2327972605203,976.5465372317431
174,ELM_sigm_224.0,35,5,0.02098703384399414,683.3835645640486,15.7371231322272,26.141606005830027,3.013554380729793
175,ELM_sigm_128.0,36,1,0.02150869369506836,56871247.373990655,17773.021250574537,7541.302763713353,2882.529914979594
176,ELM_sigm_128.0,36,2,0.0027475357055664062,73361.70674645573,291.97196876000567,270.85366297404164,79.70886981543512
177,ELM_sigm_128.0,36,3,0.0053119659423828125,455.43891662439574,26.261313604461062,21.34101489208973,5.400107910674159
178,ELM_sigm_128.0,36,4,0.003643512725830078,1298.5503744068974,38.77152481339125,36.0354044573791,10.883098724388605
179,ELM_sigm_128.0,36,5,0.006272077560424805,9.705733022529962,4.540440621729702,3.11540254582453,0.9423061074773971
180,ELM_tanh_320.0,37,1,0.050914764404296875,19103770388.24037,283436.4665224073,138216.3897236517,60639.016102095695
181,ELM_tanh_320.0,37,2,0.06263256072998047,104354509.91079201,13570.011034934736,10215.405518666012,3168.7960866396147
182,ELM_tanh_320.0,37,3,0.05953216552734375,151863102.22261247,13167.616412189022,12323.274817296435,3626.0197323869406
183,ELM_tanh_320.0,37,4,0.08285832405090332,17408864.41097335,1759.9657494572998,4172.393127567601,628.6474158634293
184,ELM_tanh_320.0,37,5,0.07731485366821289,840354.7202822954,238.91104803634676,916.708634344793,52.640400701206815
185,ELM_sigm_64.0,38,1,0.0006859302520751953,28706472.690872837,3658.409964941491,5357.842167409641,780.4805545442825
186,ELM_sigm_64.0,38,2,0.0010864734649658203,18.72788955923154,9.041305532715144,4.327573172025118,1.8633406256345872
187,ELM_sigm_64.0,38,3,0.0014734268188476562,1.505155294709884,4.30491905057168,1.22684770640446,0.8218426676260258
188,ELM_sigm_64.0,38,4,0.0019559860229492188,1.2776359598283276,4.011700618430387,1.1303255990325654,0.8541899472359438
189,ELM_sigm_64.0,38,5,0.0024492740631103516,1.1014225439822076,4.125739436580327,1.04948680028965,0.8069956502414211
190,ELM_sigm_224.0,39,1,0.04148077964782715,1501985836.685618,78008.24746208002,38755.46202389565,15086.698122856438
191,ELM_sigm_224.0,39,2,0.038454532623291016,5971520.47796446,1984.6034591411915,2443.6694698678994,547.0315594651313
192,ELM_sigm_224.0,39,3,0.03796529769897461,27777.164943958494,149.4022170658299,166.66482815506845,37.148977490602945
193,ELM_sigm_224.0,39,4,0.007516384124755859,20277646959.06961,92192.83678931133,142399.60308606765,30561.7044818177
194,ELM_sigm_224.0,39,5,0.00968623161315918,126.5832052674785,12.844052849895846,11.25092019647631,2.176772029802015
195,ELM_tanh_96.0,40,1,0.029693126678466797,1293542434.9589422,41345.9160843184,35965.85095557927,11490.652369412519
196,ELM_tanh_96.0,40,2,0.03039097785949707,37318159.28318232,1735.1323377516198,6108.859081954855,692.8431088030475
197,ELM_tanh_96.0,40,3,0.02884697914123535,4338.104457784428,15.985507638145775,65.86428818247737,3.895410377430967
198,ELM_tanh_96.0,40,4,0.02980327606201172,30318.568473702573,204.21634077633112,174.12228023346862,50.23891866085178
199,ELM_tanh_96.0,40,5,0.005808115005493164,78.6186873722722,5.722180255536321,8.866717959440923,1.082715565749576
200,ELM_sigm_32.0,41,1,0.00039267539978027344,76.63276144440235,16.342938123922593,8.754014018974516,3.6454230215992696
201,ELM_sigm_32.0,41,2,0.00052642822265625,0.9976431662545624,2.5748327020828166,0.9988208879746971,0.7627198259880568
202,ELM_sigm_32.0,41,3,0.0007774829864501953,1.4010809863054128,3.3676109087571553,1.1836726685639964,0.8184350556980552
203,ELM_sigm_32.0,41,4,0.0009622573852539062,1.1811232819495512,3.642242574384031,1.0867949585591345,0.8222585970399546
204,ELM_sigm_32.0,41,5,0.0011241436004638672,8.840825532885333,3.28065243584345,2.9733525746008214,0.8459553501800698
205,ELM_sigm_128.0,42,1,0.0013346672058105469,5271277771610974.0,79573824.01443224,72603565.83261578,23751788.834824953
206,ELM_sigm_128.0,42,2,0.00199127197265625,21786.032174319822,81.40302068061581,147.6009219968487,29.624098692804942
207,ELM_sigm_128.0,42,3,0.0028295516967773438,406.6451044936527,16.02868080089146,20.16544332499667,4.297970213348211
208,ELM_sigm_128.0,42,4,0.00408482551574707,21364.169174729384,67.60134480645694,146.16486983789704,27.84604673863779
209,ELM_sigm_128.0,42,5,0.006768703460693359,2.0669747042036493,5.984642851864287,1.4376977096050647,0.8945976488455751
210,ELM_tanh_512.0,43,1,0.13607072830200195,16892921464.639416,361879.40898907825,129972.77201260046,69138.70589542107
211,ELM_tanh_512.0,43,2,0.11417651176452637,4190774389.1045623,81789.34416931162,64736.19072130026,20545.35240962015
212,ELM_tanh_512.0,43,3,0.17375469207763672,36768445.8444219,5423.906367289681,6063.699023238365,1741.7921491783159
213,ELM_tanh_512.0,43,4,0.16994547843933105,45918136.34946649,6249.691799657435,6776.292227277871,1597.4366091417437
214,ELM_tanh_512.0,43,5,0.18860101699829102,5244107.818895619,890.2001682598612,2290.0017071818133,137.447609036678
215,ELM_sigm_192.0,44,1,0.035504817962646484,10006427030.191038,141935.87158339235,100032.12998927414,37365.749368674784
216,ELM_sigm_192.0,44,2,0.04401731491088867,739003002.8946351,25786.987347825663,27184.60966971266,6490.900889843776
217,ELM_sigm_192.0,44,3,0.006235599517822266,176.0034975428909,16.395017543537158,13.266630979374186,3.9236611441603357
218,ELM_sigm_192.0,44,4,0.0061414241790771484,121809.15766712569,389.56853692944,349.0116870065037,99.57914489615365
219,ELM_sigm_192.0,44,5,0.0078029632568359375,196.47338540462502,9.502888380739833,14.016896425551023,1.6113400843043955
220,ELM_sigm_96.0,45,1,0.0009140968322753906,397807367.2020659,20511.798985459594,19945.108854104205,6430.54618420142
221,ELM_sigm_96.0,45,2,0.0014462471008300781,1499961.5958198942,996.5756025857139,1224.72919285036,326.1073594253855
222,ELM_sigm_96.0,45,3,0.0021491050720214844,43.83412938968887,11.724674311201213,6.620734807382703,2.418817632218378
223,ELM_sigm_96.0,45,4,0.002724885940551758,29.655777584428318,5.811886098902847,5.445711852864446,1.7208999752724186
224,ELM_sigm_96.0,45,5,0.003536701202392578,11.704773515280552,6.857746547977969,3.4212239791163266,1.0526992516808327
225,ELM_tanh_320.0,46,1,0.057350873947143555,306594802.17850965,46282.609620526244,17509.848719463844,7814.736677465436
226,ELM_tanh_320.0,46,2,0.04790306091308594,336818578.3941276,23677.587841470286,18352.617753174276,6359.159698769632
227,ELM_tanh_320.0,46,3,0.06434011459350586,43836307.99172713,4076.0684785016138,6620.899334057808,1419.1723709256994
228,ELM_tanh_320.0,46,4,0.08722496032714844,4125395.2025174256,776.8386946707793,2031.1068909630103,208.4220509255659
229,ELM_tanh_320.0,46,5,0.09577488899230957,888635.0566381782,195.48144253668855,942.6744170911705,44.633051240290236
230,ELM_sigm_256.0,47,1,0.05029463768005371,5948760248.75097,172755.68606364934,77128.20657030067,35585.727219871005
231,ELM_sigm_256.0,47,2,0.05338168144226074,1784202.131866988,999.5528655635662,1335.740293570194,251.32512714880517
232,ELM_sigm_256.0,47,3,0.06368255615234375,33738.69050849279,126.36016573870734,183.68094759253827,36.754168282939766
233,ELM_sigm_256.0,47,4,0.01614689826965332,887035.3873907818,239.5780640362624,941.8255610200765,88.50002133582721
234,ELM_sigm_256.0,47,5,0.02117443084716797,472.41648124418583,21.841566899958305,21.735143920484767,2.4904765474646307
235,ELM_sigm_64.0,48,1,0.00391840934753418,23386477949.640526,152663.61475009075,152926.38081652403,48172.35717742553
236,ELM_sigm_64.0,48,2,0.0027573108673095703,25.69334939242917,10.889222060786174,5.068860758832222,2.385059109076369
237,ELM_sigm_64.0,48,3,0.003596067428588867,25.021269635538907,7.379039498405475,5.002126511348839,1.7116360542708675
238,ELM_sigm_64.0,48,4,0.004376888275146484,1.3476407125326564,3.371206493388856,1.1608792842206532,0.8031226821523682
239,ELM_sigm_64.0,48,5,0.005320549011230469,0.9248238930024721,3.8225226624286344,0.9616776450570493,0.7429394809615831
240,ELM_tanh_160.0,49,1,0.0477142333984375,3405278869.6637807,109474.54587238062,58354.767325933026,22486.854681192704
241,ELM_tanh_160.0,49,2,0.035672664642333984,4460315.565245786,762.1711235435238,2111.9459191100955,227.85792085571308
242,ELM_tanh_160.0,49,3,0.041993141174316406,343714275.5231975,15234.775176537994,18539.53277521301,3936.0168098408794
243,ELM_tanh_160.0,49,4,0.0657963752746582,16996.92695717209,55.511570799403174,130.37226299014714,17.38192396735176
244,ELM_tanh_160.0,49,5,0.05705857276916504,988.5311611791651,10.823395187586533,31.440915399828377,2.582428904607803
245,ELM_sigm_320.0,50,1,0.07188892364501953,16915229813.938816,229206.43488386253,130058.56301658424,53007.052009439365
246,ELM_sigm_320.0,50,2,0.07193565368652344,1960129.5348117813,2889.601082128352,1400.0462616684426,433.2768577747228
247,ELM_sigm_320.0,50,3,0.08392477035522461,69397.5109541056,110.45433697620463,263.43407325952654,19.627740187693828
248,ELM_sigm_320.0,50,4,0.06600427627563477,39550.0661879731,183.33709882849317,198.87198442207261,53.59653223842019
249,ELM_sigm_320.0,50,5,0.019294261932373047,919.7898614448466,32.0141136677469,30.32803754687808,4.000972548813827
