index,nameModel,trial_optimizacion_bayesiana,Step_validacion,time,MSE,RMSE,MAE,MAPE
0,SVR_Wallmart_1_1_linear_1_0.6_auto,1,1,0.03954958915710449,0.5588428474958155,5.009818053984794,0.7475579225022069,0.5853548011010943
1,SVR_Wallmart_1_2_linear_1_0.6_auto,1,2,0.3320326805114746,0.46746358439913965,4.213005249958995,0.6837130863155536,0.5308842861223085
2,SVR_Wallmart_1_3_linear_1_0.6_auto,1,3,1.2509891986846924,0.4544240157331052,6.138492499850708,0.674109795013472,0.5230115346407942
3,SVR_Wallmart_1_4_linear_1_0.6_auto,1,4,1.9303972721099854,0.45877813047357,5.224010749811193,0.6773316251833883,0.529938090014277
4,SVR_Wallmart_1_5_linear_1_0.6_auto,1,5,1.606513500213623,0.44271945393170037,5.068067810386856,0.6653716660120871,0.515472479639817
5,SVR_Wallmart_2_1_poly_1_0.9_auto,2,1,45.24296283721924,19532.564374664733,4360.293006980912,139.7589509643827,73.64077480035189
6,SVR_Wallmart_2_2_poly_1_0.9_auto,2,2,713.5082983970642,7148.447505790935,7019.287227146653,84.5484920373565,45.47811392306977
7,SVR_Wallmart_2_3_poly_1_0.9_auto,2,3,6272.374153137207,8456.85063149463,3550.9741964006057,91.96113652785415,47.46209855919441
8,SVR_Wallmart_2_4_poly_1_0.9_auto,2,4,3144.457934856415,13884.69840436564,3870.7243547639073,117.83335013639237,53.62415325249311
9,SVR_Wallmart_2_5_poly_1_0.9_auto,2,5,2857.779205799103,5980.161900434651,3326.131587641846,77.3315065185895,37.60834076729639
10,SVR_Wallmart_3_1_linear_1_0.2_auto,3,1,0.05207633972167969,0.4461812415331645,8.313020245512828,0.6679679943928186,0.49839231979300774
11,SVR_Wallmart_3_2_linear_1_0.2_auto,3,2,0.376828670501709,0.4143101311101818,8.69501226912472,0.643669271528618,0.4795022426261839
12,SVR_Wallmart_3_3_linear_1_0.2_auto,3,3,0.971430778503418,0.44901297081266506,9.982789006641987,0.6700843012731048,0.5044135370393551
13,SVR_Wallmart_3_4_linear_1_0.2_auto,3,4,1.8696932792663574,0.41845188718385334,9.301910908254596,0.6468785722095403,0.4833984578161874
14,SVR_Wallmart_3_5_linear_1_0.2_auto,3,5,4.1995344161987305,0.41723154678070673,8.28097341162104,0.6459346304237812,0.48469101769757716
15,SVR_Wallmart_4_1_poly_1_0.3_scale,4,1,0.014932870864868164,0.5668463221794753,2.993783612621183,0.7528919724498829,0.578881154678389
16,SVR_Wallmart_4_2_poly_1_0.3_scale,4,2,0.05845808982849121,0.5322086550329006,6.564934157508652,0.7295263223715102,0.5507462776400787
17,SVR_Wallmart_4_3_poly_1_0.3_scale,4,3,0.11839652061462402,0.5326998949344073,7.626729659188636,0.7298629288670628,0.5520103277971627
18,SVR_Wallmart_4_4_poly_1_0.3_scale,4,4,0.18671441078186035,0.5369700621613008,6.418184014347678,0.7327824111980997,0.55718075298234
19,SVR_Wallmart_4_5_poly_1_0.3_scale,4,5,0.24086618423461914,0.5292497566235129,5.572918652056616,0.7274955371846022,0.5518353712924079
20,SVR_Wallmart_5_1_poly_1_0.4_auto,5,1,8.659162759780884,137582.24386707446,7033.110971087632,370.92080538448425,179.92134107521656
21,SVR_Wallmart_5_2_poly_1_0.4_auto,5,2,1479.5155436992645,9457.252295598666,6108.6181131998555,97.24840510568112,49.82631228619099
22,SVR_Wallmart_5_3_poly_1_0.4_auto,5,3,7876.831107854843,5253.007421950979,3920.4398567355697,72.47763394283079,44.75084347614946
23,SVR_Wallmart_5_4_poly_1_0.4_auto,5,4,3856.3312814235687,7961.06722796419,6639.17247171613,89.22481284914073,45.24107971830228
24,SVR_Wallmart_5_5_poly_1_0.4_auto,5,5,8386.561448812485,4191.418967667302,3200.412491874956,64.74116903228811,33.185534709179095
25,SVR_Wallmart_6_1_poly_0.8_0.6_scale,6,1,0.011948108673095703,0.5452990480471366,3.327999073162609,0.7384436661297439,0.5642978943618545
26,SVR_Wallmart_6_2_poly_0.8_0.6_scale,6,2,0.052565813064575195,0.5803189232265338,5.94972330314626,0.7617866651671804,0.5880135678196139
27,SVR_Wallmart_6_3_poly_0.8_0.6_scale,6,3,0.08363556861877441,0.5305740487833994,5.521564802553157,0.7284051405525632,0.5578348417085598
28,SVR_Wallmart_6_4_poly_0.8_0.6_scale,6,4,0.1336514949798584,0.5333775076330528,5.468977681004521,0.7303269867895152,0.5597606818579768
29,SVR_Wallmart_6_5_poly_0.8_0.6_scale,6,5,0.1961071491241455,0.5275163705071454,4.716778418003757,0.7263032221511518,0.5577152388944602
30,SVR_Wallmart_7_1_sigmoid_0.8_0.9_auto,7,1,0.008615255355834961,0.5612690100185916,1.1162252238322312,0.7491788905318887,0.5795160543886219
31,SVR_Wallmart_7_2_sigmoid_0.8_0.9_auto,7,2,0.020000219345092773,0.5624565601892791,1.1407369923943316,0.7499710395670484,0.5814250537825835
32,SVR_Wallmart_7_3_sigmoid_0.8_0.9_auto,7,3,0.04090404510498047,0.5609729845575112,1.1904996942837842,0.7489812978689864,0.5789879012714368
33,SVR_Wallmart_7_4_sigmoid_0.8_0.9_auto,7,4,0.07004261016845703,0.5613291795487904,1.101740370662296,0.7492190464402185,0.5796191448265154
34,SVR_Wallmart_7_5_sigmoid_0.8_0.9_auto,7,5,0.10043597221374512,0.565357546501445,1.6979564670021214,0.7519026176982263,0.5854190375152089
35,SVR_Wallmart_8_1_rbf_1_0.9_scale,8,1,0.011797428131103516,0.6025213261010485,3.93250739917547,0.7762224720407471,0.6012433277321608
36,SVR_Wallmart_8_2_rbf_1_0.9_scale,8,2,0.025418758392333984,0.5708583828923222,1.5828541076806695,0.7555517076231925,0.5949623041717712
37,SVR_Wallmart_8_3_rbf_1_0.9_scale,8,3,0.050635337829589844,0.5599627713989974,2.4448512381529586,0.7483066025360176,0.5878202388257583
38,SVR_Wallmart_8_4_rbf_1_0.9_scale,8,4,0.07926034927368164,0.568099947994503,2.087775175500611,0.7537240529494219,0.5964401825200827
39,SVR_Wallmart_8_5_rbf_1_0.9_scale,8,5,0.12375473976135254,0.5790206326827013,2.2011178103299076,0.7609340527816463,0.6023925471035756
40,SVR_Wallmart_9_1_linear_0.1_0.1_scale,9,1,0.03128552436828613,0.44827383152210326,9.32200383698404,0.6695325470222514,0.500723100219002
41,SVR_Wallmart_9_2_linear_0.1_0.1_scale,9,2,0.17068099975585938,0.42028164616031255,8.251546064086451,0.64829132815449,0.48385197216195636
42,SVR_Wallmart_9_3_linear_0.1_0.1_scale,9,3,0.4169158935546875,0.4418596590750508,10.032061444054648,0.6647252508179984,0.4978043956414426
43,SVR_Wallmart_9_4_linear_0.1_0.1_scale,9,4,0.6997959613800049,0.4153193064522728,10.849472417926675,0.64445271855449,0.47639790326663606
44,SVR_Wallmart_9_5_linear_0.1_0.1_scale,9,5,0.7200644016265869,0.4123415514309868,9.5516424508689,0.642138265041873,0.4785957324865704
45,SVR_Wallmart_10_1_linear_0.1_0.6_scale,10,1,0.010629415512084961,0.49179969757174397,5.03074074361806,0.7012843200669354,0.5476911566485096
46,SVR_Wallmart_10_2_linear_0.1_0.6_scale,10,2,0.04349994659423828,0.47043274285985,4.005700405580739,0.6858809975934965,0.5340103205343981
47,SVR_Wallmart_10_3_linear_0.1_0.6_scale,10,3,0.11253738403320312,0.45660661018424076,5.809679960325624,0.6757267274455264,0.5256273477865576
48,SVR_Wallmart_10_4_linear_0.1_0.6_scale,10,4,0.16225671768188477,0.4586088463528314,5.140329845585102,0.6772066496667257,0.5311177387075376
49,SVR_Wallmart_10_5_linear_0.1_0.6_scale,10,5,0.27433347702026367,0.44686316082034444,4.903545592866051,0.6684782425930887,0.5204477397831666
50,SVR_Wallmart_11_1_linear_0.1_0.3_auto,11,1,0.01901102066040039,0.4379686651534212,7.661638146177051,0.6617920104937964,0.4953100513595751
51,SVR_Wallmart_11_2_linear_0.1_0.3_auto,11,2,0.0788271427154541,0.41460291938919586,8.29943801032449,0.6438966682544613,0.4824190868379956
52,SVR_Wallmart_11_3_linear_0.1_0.3_auto,11,3,0.13043904304504395,0.4518751908456293,8.292513346662274,0.6722166249399291,0.5133742699930344
53,SVR_Wallmart_11_4_linear_0.1_0.3_auto,11,4,0.22663092613220215,0.42501846962939144,7.786547551619438,0.6519344059254669,0.49558427290699697
54,SVR_Wallmart_11_5_linear_0.1_0.3_auto,11,5,0.3938300609588623,0.42828422267855787,7.285497583154112,0.6544342768212541,0.5004223093340262
55,SVR_Wallmart_12_1_linear_0.3_0.4_scale,12,1,0.01955556869506836,0.4735969434584734,6.466573715012504,0.6881838006364821,0.5214593159535386
56,SVR_Wallmart_12_2_linear_0.3_0.4_scale,12,2,0.13880681991577148,0.42599725268952116,6.903770592824421,0.6526846502634494,0.49445836437956775
57,SVR_Wallmart_12_3_linear_0.3_0.4_scale,12,3,0.2759823799133301,0.4537406090674044,7.3874321405822965,0.6736027086253472,0.512691096256648
58,SVR_Wallmart_12_4_linear_0.3_0.4_scale,12,4,0.46260738372802734,0.43318640587068336,7.169388801691905,0.6581689797238117,0.5039514922996332
59,SVR_Wallmart_12_5_linear_0.3_0.4_scale,12,5,0.723231315612793,0.43450409468072,7.117637768319914,0.6591692458547501,0.5048278117469128
60,SVR_Wallmart_13_1_linear_0.3_0.4_auto,13,1,0.01961684226989746,0.4735969434584734,6.466573715012504,0.6881838006364821,0.5214593159535386
61,SVR_Wallmart_13_2_linear_0.3_0.4_auto,13,2,0.15277934074401855,0.42599725268952116,6.903770592824421,0.6526846502634494,0.49445836437956775
62,SVR_Wallmart_13_3_linear_0.3_0.4_auto,13,3,0.2711977958679199,0.4537406090674044,7.3874321405822965,0.6736027086253472,0.512691096256648
63,SVR_Wallmart_13_4_linear_0.3_0.4_auto,13,4,0.4497244358062744,0.43318640587068336,7.169388801691905,0.6581689797238117,0.5039514922996332
64,SVR_Wallmart_13_5_linear_0.3_0.4_auto,13,5,0.7318167686462402,0.43450409468072,7.117637768319914,0.6591692458547501,0.5048278117469128
65,SVR_Wallmart_14_1_rbf_0.5_0.9_auto,14,1,0.00558161735534668,0.5307789524687027,3.15999059635948,0.7285457792539207,0.5646324324330367
66,SVR_Wallmart_14_2_rbf_0.5_0.9_auto,14,2,0.012941837310791016,0.5533268276266083,3.6523111147642715,0.7438594138858554,0.5974029457248672
67,SVR_Wallmart_14_3_rbf_0.5_0.9_auto,14,3,0.023194551467895508,0.5505171435679539,3.120723058981353,0.741968424913051,0.5950415919511095
68,SVR_Wallmart_14_4_rbf_0.5_0.9_auto,14,4,0.040372371673583984,0.5605055723539927,3.5520290775564685,0.748669200885139,0.6019161304022072
69,SVR_Wallmart_14_5_rbf_0.5_0.9_auto,14,5,0.06331491470336914,0.573423836554229,4.429239640938357,0.7572475398139165,0.6140275328693904
70,SVR_Wallmart_15_1_linear_0.8_0.4_auto,15,1,0.06905102729797363,0.46759439830301675,6.735631697887289,0.6838087439503949,0.5177047894316288
71,SVR_Wallmart_15_2_linear_0.8_0.4_auto,15,2,0.22430944442749023,0.42699437679981317,6.9669479279894295,0.6534480674084309,0.49503263731737973
72,SVR_Wallmart_15_3_linear_0.8_0.4_auto,15,3,0.7709372043609619,0.454057263739662,7.374555539975003,0.6738377132067201,0.5132547171409323
73,SVR_Wallmart_15_4_linear_0.8_0.4_auto,15,4,0.9757978916168213,0.43410253378750896,7.197841507757198,0.6588645792478974,0.5044501557384382
74,SVR_Wallmart_15_5_linear_0.8_0.4_auto,15,5,1.711205244064331,0.4345230551663916,7.085561610185315,0.6591836278051751,0.5049596082850377
75,SVR_Wallmart_16_1_sigmoid_0.8_0.4_auto,16,1,0.008175134658813477,0.5713932191074432,5.433507042010448,0.7559055622942876,0.5702073598638417
76,SVR_Wallmart_16_2_sigmoid_0.8_0.4_auto,16,2,0.020406007766723633,0.5665636640419295,4.750567130172238,0.752704234106551,0.5696847171201708
77,SVR_Wallmart_16_3_sigmoid_0.8_0.4_auto,16,3,0.04049944877624512,0.5639776423535321,4.293432559117686,0.7509844488093825,0.5697242724928764
78,SVR_Wallmart_16_4_sigmoid_0.8_0.4_auto,16,4,0.06659865379333496,0.5647942291068399,4.448213459873801,0.7515279296917978,0.5696859862101141
79,SVR_Wallmart_16_5_sigmoid_0.8_0.4_auto,16,5,0.1090385913848877,0.5619154929247961,3.835362345717466,0.7496102273347104,0.5700316504486836
80,SVR_Wallmart_17_1_rbf_0.3_0.3_auto,17,1,0.008406639099121094,0.6037131943019063,12.102698987562869,0.7769898289565355,0.576801625065496
81,SVR_Wallmart_17_2_rbf_0.3_0.3_auto,17,2,0.024758338928222656,0.5005253144498661,4.705938157111911,0.7074781370826,0.5408629578433488
82,SVR_Wallmart_17_3_rbf_0.3_0.3_auto,17,3,0.06938052177429199,0.4988792506093005,3.0837269643421763,0.7063138471029012,0.5460854807890644
83,SVR_Wallmart_17_4_rbf_0.3_0.3_auto,17,4,0.17770671844482422,0.5037070883247549,2.7687337097412428,0.7097232476992387,0.5478410903139667
84,SVR_Wallmart_17_5_rbf_0.3_0.3_auto,17,5,0.2906186580657959,0.48093188173040174,2.956464150034571,0.6934925246391642,0.5338562389291931
85,SVR_Wallmart_18_1_rbf_0.8_0.9_auto,18,1,0.008932828903198242,0.5298306093785656,4.366726458558046,0.7278946416745803,0.5586813103712248
86,SVR_Wallmart_18_2_rbf_0.8_0.9_auto,18,2,0.020903587341308594,0.558231293228102,3.6405105832525035,0.7471487758325661,0.5999837074116893
87,SVR_Wallmart_18_3_rbf_0.8_0.9_auto,18,3,0.04512643814086914,0.5803363666363632,3.745829682186994,0.7617981140934672,0.6117773098035784
88,SVR_Wallmart_18_4_rbf_0.8_0.9_auto,18,4,0.07756352424621582,0.5930230633344133,4.304744852034993,0.7700799071099137,0.620910003833334
89,SVR_Wallmart_18_5_rbf_0.8_0.9_auto,18,5,0.12772226333618164,0.6035065947661218,5.1287800440221405,0.776856868905799,0.6324701646007723
90,SVR_Wallmart_19_1_linear_1_0.9_scale,19,1,0.08703207969665527,0.7319382422154628,8.618873320461388,0.8555338930839986,0.6960447078038358
91,SVR_Wallmart_19_2_linear_1_0.9_scale,19,2,0.3260200023651123,0.5290897758227392,4.310819649245517,0.7273855757593349,0.58428415927443
92,SVR_Wallmart_19_3_linear_1_0.9_scale,19,3,0.43175244331359863,0.541898850928825,4.879892367374282,0.7361377934387182,0.5920731276290779
93,SVR_Wallmart_19_4_linear_1_0.9_scale,19,4,1.52046799659729,0.47765819257847586,5.405026382075143,0.6911282027080619,0.5548273210323965
94,SVR_Wallmart_19_5_linear_1_0.9_scale,19,5,1.3646862506866455,0.4892345642159778,4.448795607425667,0.699453046469867,0.5617623834271738
95,SVR_Wallmart_20_1_sigmoid_0.8_0.4_scale,20,1,0.013617515563964844,107.5240321902566,376.6263540894968,10.369379547024817,9.126239692229086
96,SVR_Wallmart_20_2_sigmoid_0.8_0.4_scale,20,2,0.043912649154663086,913.4835533869953,1190.6937756278346,30.223890440957387,22.47368787380624
97,SVR_Wallmart_20_3_sigmoid_0.8_0.4_scale,20,3,0.09732222557067871,458.33005694646863,206.52357195690962,21.408644444393687,16.351113193623874
98,SVR_Wallmart_20_4_sigmoid_0.8_0.4_scale,20,4,0.1802816390991211,434.4083428330178,450.41516184696155,20.842464893409748,16.097867522670445
99,SVR_Wallmart_20_5_sigmoid_0.8_0.4_scale,20,5,0.2801241874694824,586.2112191883602,544.4042503019316,24.211799172890068,19.004644341506236
100,SVR_Wallmart_21_1_linear_0.1_0.2_scale,21,1,0.03160738945007324,0.4373222986481223,8.307939701983635,0.661303484527431,0.49576884209523525
101,SVR_Wallmart_21_2_linear_0.1_0.2_scale,21,2,0.08904099464416504,0.41116542743819084,8.75032635121896,0.6412218238941894,0.4772207965080862
102,SVR_Wallmart_21_3_linear_0.1_0.2_scale,21,3,0.21407198905944824,0.45006686142792324,9.787230300391702,0.6708702269648902,0.5065531697133355
103,SVR_Wallmart_21_4_linear_0.1_0.2_scale,21,4,0.33110857009887695,0.4188395921333849,9.129097187021388,0.6471781764965386,0.484439741689579
104,SVR_Wallmart_21_5_linear_0.1_0.2_scale,21,5,0.39084649085998535,0.41710358153653476,8.317638282142278,0.6458355684975354,0.4842743640345319
105,SVR_Wallmart_22_1_linear_0.1_0.1_scale,22,1,0.01754140853881836,0.44827383152210326,9.32200383698404,0.6695325470222514,0.500723100219002
106,SVR_Wallmart_22_2_linear_0.1_0.1_scale,22,2,0.09229469299316406,0.42028164616031255,8.251546064086451,0.64829132815449,0.48385197216195636
107,SVR_Wallmart_22_3_linear_0.1_0.1_scale,22,3,0.24007129669189453,0.4418596590750508,10.032061444054648,0.6647252508179984,0.4978043956414426
108,SVR_Wallmart_22_4_linear_0.1_0.1_scale,22,4,0.37841248512268066,0.4153193064522728,10.849472417926675,0.64445271855449,0.47639790326663606
109,SVR_Wallmart_22_5_linear_0.1_0.1_scale,22,5,0.5433404445648193,0.4123415514309868,9.5516424508689,0.642138265041873,0.4785957324865704
110,SVR_Wallmart_23_1_linear_0.1_0.1_scale,23,1,0.017380714416503906,0.44827383152210326,9.32200383698404,0.6695325470222514,0.500723100219002
111,SVR_Wallmart_23_2_linear_0.1_0.1_scale,23,2,0.0919349193572998,0.42028164616031255,8.251546064086451,0.64829132815449,0.48385197216195636
112,SVR_Wallmart_23_3_linear_0.1_0.1_scale,23,3,0.2182936668395996,0.4418596590750508,10.032061444054648,0.6647252508179984,0.4978043956414426
113,SVR_Wallmart_23_4_linear_0.1_0.1_scale,23,4,0.3840782642364502,0.4153193064522728,10.849472417926675,0.64445271855449,0.47639790326663606
114,SVR_Wallmart_23_5_linear_0.1_0.1_scale,23,5,0.5363023281097412,0.4123415514309868,9.5516424508689,0.642138265041873,0.4785957324865704
115,SVR_Wallmart_24_1_linear_0.1_0.1_scale,24,1,0.020267724990844727,0.44827383152210326,9.32200383698404,0.6695325470222514,0.500723100219002
116,SVR_Wallmart_24_2_linear_0.1_0.1_scale,24,2,0.09240579605102539,0.42028164616031255,8.251546064086451,0.64829132815449,0.48385197216195636
117,SVR_Wallmart_24_3_linear_0.1_0.1_scale,24,3,0.22407007217407227,0.4418596590750508,10.032061444054648,0.6647252508179984,0.4978043956414426
118,SVR_Wallmart_24_4_linear_0.1_0.1_scale,24,4,0.39232683181762695,0.4153193064522728,10.849472417926675,0.64445271855449,0.47639790326663606
119,SVR_Wallmart_24_5_linear_0.1_0.1_scale,24,5,0.5220046043395996,0.4123415514309868,9.5516424508689,0.642138265041873,0.4785957324865704
120,SVR_Wallmart_25_1_sigmoid_0.1_0.1_scale,25,1,0.013667821884155273,1.3742397287151884,30.189588504361527,1.1722797143664938,0.983152497893403
121,SVR_Wallmart_25_2_sigmoid_0.1_0.1_scale,25,2,0.04407501220703125,9.698138914251473,119.10864332934894,3.114183506836338,2.481875564604484
122,SVR_Wallmart_25_3_sigmoid_0.1_0.1_scale,25,3,0.1148681640625,6.161693710171215,34.54729477881779,2.4822759133849757,1.9920706318025279
123,SVR_Wallmart_25_4_sigmoid_0.1_0.1_scale,25,4,0.18387413024902344,5.77905525918996,47.44022839373424,2.4039665678186872,1.9411123067485812
124,SVR_Wallmart_25_5_sigmoid_0.1_0.1_scale,25,5,0.2859513759613037,8.153880250508463,59.949064855575564,2.855500000089032,2.291592319803941
125,SVR_Wallmart_26_1_linear_0.5_0.1_scale,26,1,0.05274057388305664,0.452663291323664,9.40386566873658,0.6728025648908185,0.503167746319137
126,SVR_Wallmart_26_2_linear_0.5_0.1_scale,26,2,0.28734588623046875,0.4196222634096011,9.445097052670675,0.647782574178714,0.4810351813046609
127,SVR_Wallmart_26_3_linear_0.5_0.1_scale,26,3,0.7148480415344238,0.4466373422393664,9.893904559505613,0.6683093162895205,0.5009710247158088
128,SVR_Wallmart_26_4_linear_0.5_0.1_scale,26,4,1.1618635654449463,0.4157958225356505,10.775044160972644,0.6448223185774904,0.47647274665508
129,SVR_Wallmart_26_5_linear_0.5_0.1_scale,26,5,2.7691171169281006,0.4128408280202846,9.601721655907637,0.6425269084017295,0.4784106650729928
130,SVR_Wallmart_27_1_linear_0.1_0.1_scale,27,1,0.03257036209106445,0.44827383152210326,9.32200383698404,0.6695325470222514,0.500723100219002
131,SVR_Wallmart_27_2_linear_0.1_0.1_scale,27,2,0.17163491249084473,0.42028164616031255,8.251546064086451,0.64829132815449,0.48385197216195636
132,SVR_Wallmart_27_3_linear_0.1_0.1_scale,27,3,0.4198780059814453,0.4418596590750508,10.032061444054648,0.6647252508179984,0.4978043956414426
133,SVR_Wallmart_27_4_linear_0.1_0.1_scale,27,4,0.7185640335083008,0.4153193064522728,10.849472417926675,0.64445271855449,0.47639790326663606
134,SVR_Wallmart_27_5_linear_0.1_0.1_scale,27,5,0.7306978702545166,0.4123415514309868,9.5516424508689,0.642138265041873,0.4785957324865704
135,SVR_Wallmart_28_1_linear_0.1_0.1_scale,28,1,0.018105268478393555,0.44827383152210326,9.32200383698404,0.6695325470222514,0.500723100219002
136,SVR_Wallmart_28_2_linear_0.1_0.1_scale,28,2,0.09004902839660645,0.42028164616031255,8.251546064086451,0.64829132815449,0.48385197216195636
137,SVR_Wallmart_28_3_linear_0.1_0.1_scale,28,3,0.23250389099121094,0.4418596590750508,10.032061444054648,0.6647252508179984,0.4978043956414426
138,SVR_Wallmart_28_4_linear_0.1_0.1_scale,28,4,0.38338398933410645,0.4153193064522728,10.849472417926675,0.64445271855449,0.47639790326663606
139,SVR_Wallmart_28_5_linear_0.1_0.1_scale,28,5,0.5491530895233154,0.4123415514309868,9.5516424508689,0.642138265041873,0.4785957324865704
140,SVR_Wallmart_29_1_linear_0.1_0.1_scale,29,1,0.017455577850341797,0.44827383152210326,9.32200383698404,0.6695325470222514,0.500723100219002
141,SVR_Wallmart_29_2_linear_0.1_0.1_scale,29,2,0.09366464614868164,0.42028164616031255,8.251546064086451,0.64829132815449,0.48385197216195636
142,SVR_Wallmart_29_3_linear_0.1_0.1_scale,29,3,0.2151343822479248,0.4418596590750508,10.032061444054648,0.6647252508179984,0.4978043956414426
143,SVR_Wallmart_29_4_linear_0.1_0.1_scale,29,4,0.38361167907714844,0.4153193064522728,10.849472417926675,0.64445271855449,0.47639790326663606
144,SVR_Wallmart_29_5_linear_0.1_0.1_scale,29,5,0.5389044284820557,0.4123415514309868,9.5516424508689,0.642138265041873,0.4785957324865704
145,SVR_Wallmart_30_1_poly_0.5_0.1_scale,30,1,0.009262561798095703,0.5685958922149157,2.163487979113308,0.7540529770612379,0.5821700374597321
146,SVR_Wallmart_30_2_poly_0.5_0.1_scale,30,2,0.037380218505859375,0.5505769276623275,4.341499184175967,0.7420087113116176,0.5648523662280228
147,SVR_Wallmart_30_3_poly_0.5_0.1_scale,30,3,0.06908941268920898,0.5522512471766511,5.6408651276749815,0.7431360892707681,0.564210449611657
148,SVR_Wallmart_30_4_poly_0.5_0.1_scale,30,4,0.12077212333679199,0.5597146636698909,5.27373577023762,0.748140804708506,0.568278557982201
149,SVR_Wallmart_30_5_poly_0.5_0.1_scale,30,5,0.18093538284301758,0.5482505256716282,5.227411524856929,0.7404394139101648,0.560402033816294
150,SVR_Wallmart_31_1_rbf_0.1_0.1_scale,31,1,0.010187387466430664,0.562031750393425,2.9884796735734898,0.74968776860332,0.5709442511847573
151,SVR_Wallmart_31_2_rbf_0.1_0.1_scale,31,2,0.03180956840515137,0.5662522479866344,2.6927930936085565,0.7524973408502083,0.5686065032075509
152,SVR_Wallmart_31_3_rbf_0.1_0.1_scale,31,3,0.07038116455078125,0.5743434763554615,2.662326377503938,0.7578545218941835,0.5696724694095887
153,SVR_Wallmart_31_4_rbf_0.1_0.1_scale,31,4,0.12248349189758301,0.5800788100242141,2.8520368998914365,0.7616290501446319,0.575678600330323
154,SVR_Wallmart_31_5_rbf_0.1_0.1_scale,31,5,0.18593907356262207,0.5712174612282587,2.9452360799263353,0.7557892968468518,0.5692748137345952
155,SVR_Wallmart_32_1_linear_0.1_0.2_scale,32,1,0.0290524959564209,0.4373222986481223,8.307939701983635,0.661303484527431,0.49576884209523525
156,SVR_Wallmart_32_2_linear_0.1_0.2_scale,32,2,0.09683990478515625,0.41116542743819084,8.75032635121896,0.6412218238941894,0.4772207965080862
157,SVR_Wallmart_32_3_linear_0.1_0.2_scale,32,3,0.22019696235656738,0.45006686142792324,9.787230300391702,0.6708702269648902,0.5065531697133355
158,SVR_Wallmart_32_4_linear_0.1_0.2_scale,32,4,0.32819581031799316,0.4188395921333849,9.129097187021388,0.6471781764965386,0.484439741689579
159,SVR_Wallmart_32_5_linear_0.1_0.2_scale,32,5,0.3854637145996094,0.41710358153653476,8.317638282142278,0.6458355684975354,0.4842743640345319
160,SVR_Wallmart_33_1_sigmoid_0.3_0.6_scale,33,1,0.012967348098754883,12.882800588571614,127.10042421512054,3.5892618445261992,3.2388441061488384
161,SVR_Wallmart_33_2_sigmoid_0.3_0.6_scale,33,2,0.0403294563293457,110.16740597386557,414.8791778481664,10.496066214247392,8.002338934099841
162,SVR_Wallmart_33_3_sigmoid_0.3_0.6_scale,33,3,0.10722184181213379,62.59834159999318,78.93635706658463,7.911911374629596,6.055898542246783
163,SVR_Wallmart_33_4_sigmoid_0.3_0.6_scale,33,4,0.17106318473815918,58.04651556498168,161.4140399269651,7.618826390263902,5.9326167025326955
164,SVR_Wallmart_33_5_sigmoid_0.3_0.6_scale,33,5,0.2575695514678955,82.14067062776466,183.23112575981568,9.06314904587609,6.9808235169622685
165,SVR_Wallmart_34_1_poly_0.1_0.1_scale,34,1,0.009134769439697266,0.5620305177456764,2.9805038584228756,0.7496869464954531,0.5708349438087109
166,SVR_Wallmart_34_2_poly_0.1_0.1_scale,34,2,0.030692338943481445,0.5543004819538087,3.796002726399952,0.7445135874877024,0.5632175180804904
167,SVR_Wallmart_34_3_poly_0.1_0.1_scale,34,3,0.06587743759155273,0.5684009644464671,3.9160449774363313,0.7539237126171766,0.5696860166674528
168,SVR_Wallmart_34_4_poly_0.1_0.1_scale,34,4,0.11416220664978027,0.5795722490803914,3.7476203499102896,0.7612964265517023,0.5750400898995244
169,SVR_Wallmart_34_5_poly_0.1_0.1_scale,34,5,0.17623138427734375,0.569907037005605,3.7858587166580477,0.7549218747695717,0.5695953248062406
170,SVR_Wallmart_35_1_linear_0.5_0.2_scale,35,1,0.044584035873413086,0.44576674687379386,8.263679835565162,0.6676576569423838,0.49851445038822934
171,SVR_Wallmart_35_2_linear_0.5_0.2_scale,35,2,0.21067094802856445,0.4138868333551131,8.625398253468243,0.6433403713083091,0.47950136190275094
172,SVR_Wallmart_35_3_linear_0.5_0.2_scale,35,3,0.7407302856445312,0.4472999585371934,9.97881079807837,0.6688048732905536,0.5036509409231907
173,SVR_Wallmart_35_4_linear_0.5_0.2_scale,35,4,1.0246784687042236,0.41826950460109763,9.338443632026049,0.6467375855794201,0.48316780635674805
174,SVR_Wallmart_35_5_linear_0.5_0.2_scale,35,5,1.4639246463775635,0.4172948938540746,8.263313729600513,0.6459836637671843,0.4846073840634379
175,SVR_Wallmart_36_1_poly_0.1_0.3_scale,36,1,0.014652013778686523,0.5665186576743513,3.696320929365023,0.7526743370637472,0.5698548998612262
176,SVR_Wallmart_36_2_poly_0.1_0.3_scale,36,2,0.04475855827331543,0.5510342631690696,3.4821249395399767,0.7423168212893128,0.5615475284798871
177,SVR_Wallmart_36_3_poly_0.1_0.3_scale,36,3,0.10008025169372559,0.5713425956608928,3.1723091263331233,0.7558720762542381,0.5715798301855026
178,SVR_Wallmart_36_4_poly_0.1_0.3_scale,36,4,0.1853647232055664,0.5737916802764724,3.369901946669242,0.757490382959726,0.574048390653082
179,SVR_Wallmart_36_5_poly_0.1_0.3_scale,36,5,0.26349401473999023,0.5654960913043269,3.1854692041826573,0.7519947415403427,0.5697830548745373
180,SVR_Wallmart_37_1_linear_1_0.6_scale,37,1,0.03869748115539551,0.5588428474958155,5.009818053984794,0.7475579225022069,0.5853548011010943
181,SVR_Wallmart_37_2_linear_1_0.6_scale,37,2,0.3307838439941406,0.46746358439913965,4.213005249958995,0.6837130863155536,0.5308842861223085
182,SVR_Wallmart_37_3_linear_1_0.6_scale,37,3,1.2413394451141357,0.4544240157331052,6.138492499850708,0.674109795013472,0.5230115346407942
183,SVR_Wallmart_37_4_linear_1_0.6_scale,37,4,1.767040729522705,0.45877813047357,5.224010749811193,0.6773316251833883,0.529938090014277
184,SVR_Wallmart_37_5_linear_1_0.6_scale,37,5,1.403217077255249,0.44271945393170037,5.068067810386856,0.6653716660120871,0.515472479639817
185,SVR_Wallmart_38_1_poly_0.1_0.1_scale,38,1,0.012117624282836914,0.5620305177456764,2.9805038584228756,0.7496869464954531,0.5708349438087109
186,SVR_Wallmart_38_2_poly_0.1_0.1_scale,38,2,0.0313107967376709,0.5543004819538087,3.796002726399952,0.7445135874877024,0.5632175180804904
187,SVR_Wallmart_38_3_poly_0.1_0.1_scale,38,3,0.0702216625213623,0.5684009644464671,3.9160449774363313,0.7539237126171766,0.5696860166674528
188,SVR_Wallmart_38_4_poly_0.1_0.1_scale,38,4,0.11134696006774902,0.5795722490803914,3.7476203499102896,0.7612964265517023,0.5750400898995244
189,SVR_Wallmart_38_5_poly_0.1_0.1_scale,38,5,0.16757750511169434,0.569907037005605,3.7858587166580477,0.7549218747695717,0.5695953248062406
190,SVR_Wallmart_39_1_sigmoid_1_0.1_scale,39,1,0.013107061386108398,165.96191874439916,464.91589852676464,12.882620802631704,11.401067010219899
191,SVR_Wallmart_39_2_sigmoid_1_0.1_scale,39,2,0.044740915298461914,1468.5008266669747,1506.726540958794,38.32102329879742,28.382307960797334
192,SVR_Wallmart_39_3_sigmoid_1_0.1_scale,39,3,0.10558581352233887,718.6125217681852,256.6419790553373,26.806949132047556,20.4707378281011
193,SVR_Wallmart_39_4_sigmoid_1_0.1_scale,39,4,0.20083022117614746,684.9322916906046,555.9833859558315,26.171211123878173,20.154302297283575
194,SVR_Wallmart_39_5_sigmoid_1_0.1_scale,39,5,0.2844736576080322,915.7793926091832,689.0500863874486,30.261847144699928,23.85593775074578
195,SVR_Wallmart_40_1_linear_0.1_0.2_scale,40,1,0.030356168746948242,0.4373222986481223,8.307939701983635,0.661303484527431,0.49576884209523525
196,SVR_Wallmart_40_2_linear_0.1_0.2_scale,40,2,0.09039878845214844,0.41116542743819084,8.75032635121896,0.6412218238941894,0.4772207965080862
197,SVR_Wallmart_40_3_linear_0.1_0.2_scale,40,3,0.21341228485107422,0.45006686142792324,9.787230300391702,0.6708702269648902,0.5065531697133355
198,SVR_Wallmart_40_4_linear_0.1_0.2_scale,40,4,0.3472015857696533,0.4188395921333849,9.129097187021388,0.6471781764965386,0.484439741689579
199,SVR_Wallmart_40_5_linear_0.1_0.2_scale,40,5,0.3885023593902588,0.41710358153653476,8.317638282142278,0.6458355684975354,0.4842743640345319
200,SVR_Wallmart_41_1_rbf_0.3_0.3_scale,41,1,0.012462854385375977,0.5556656431623721,3.4706117905390728,0.7454298378535515,0.5607013646317461
201,SVR_Wallmart_41_2_rbf_0.3_0.3_scale,41,2,0.027896642684936523,0.5494295379123538,2.0150609749767168,0.7412351434682207,0.5629024855943584
202,SVR_Wallmart_41_3_rbf_0.3_0.3_scale,41,3,0.05656862258911133,0.5687787735931705,2.452896773646364,0.7541742329151604,0.5699599270514327
203,SVR_Wallmart_41_4_rbf_0.3_0.3_scale,41,4,0.10755681991577148,0.5605010884183657,2.2264871398914114,0.74866620627511,0.568066433328085
204,SVR_Wallmart_41_5_rbf_0.3_0.3_scale,41,5,0.14849424362182617,0.5509881620349557,2.518424948076581,0.7422857684443073,0.5617631130567023
205,SVR_Wallmart_42_1_linear_0.5_0.6_scale,42,1,0.016729116439819336,0.5582056875492581,4.927207429952833,0.7471316400402663,0.5848561303543662
206,SVR_Wallmart_42_2_linear_0.5_0.6_scale,42,2,0.1006155014038086,0.4689046091786471,4.175819688426261,0.6847660981522429,0.532085571087639
207,SVR_Wallmart_42_3_linear_0.5_0.6_scale,42,3,0.3677387237548828,0.4559375629819912,6.116989453069523,0.6752314884408096,0.5242996931015576
208,SVR_Wallmart_42_4_linear_0.5_0.6_scale,42,4,0.6300604343414307,0.4579474858467932,5.2415124019598505,0.6767181731317647,0.5292191374323935
209,SVR_Wallmart_42_5_linear_0.5_0.6_scale,42,5,0.7256951332092285,0.44252360891390186,5.064977168020487,0.6652244800921729,0.5156534053429078
210,SVR_Wallmart_43_1_linear_0.1_0.1_auto,43,1,0.018738508224487305,0.44827383152210326,9.32200383698404,0.6695325470222514,0.500723100219002
211,SVR_Wallmart_43_2_linear_0.1_0.1_auto,43,2,0.09189391136169434,0.42028164616031255,8.251546064086451,0.64829132815449,0.48385197216195636
212,SVR_Wallmart_43_3_linear_0.1_0.1_auto,43,3,0.22419357299804688,0.4418596590750508,10.032061444054648,0.6647252508179984,0.4978043956414426
213,SVR_Wallmart_43_4_linear_0.1_0.1_auto,43,4,0.3833041191101074,0.4153193064522728,10.849472417926675,0.64445271855449,0.47639790326663606
214,SVR_Wallmart_43_5_linear_0.1_0.1_auto,43,5,0.5278987884521484,0.4123415514309868,9.5516424508689,0.642138265041873,0.4785957324865704
215,SVR_Wallmart_44_1_poly_1_0.1_scale,44,1,0.009678125381469727,0.5737883255526454,2.379428469352375,0.7574881685892165,0.5843968768825817
216,SVR_Wallmart_44_2_poly_1_0.1_scale,44,2,0.037038326263427734,0.569017713971386,4.9105327921463,0.7543326282028281,0.5738346730813229
217,SVR_Wallmart_44_3_poly_1_0.1_scale,44,3,0.07025957107543945,0.5401006658908813,7.8991985125032445,0.7349154141061959,0.5553745695335077
218,SVR_Wallmart_44_4_poly_1_0.1_scale,44,4,0.12537360191345215,0.5431021013423053,7.692413172573557,0.7369546128102499,0.557106110024842
219,SVR_Wallmart_44_5_poly_1_0.1_scale,44,5,0.2150564193725586,0.5341366641260684,6.723779966578928,0.7308465393816054,0.552436224732812
220,SVR_Wallmart_45_1_linear_0.1_0.9_scale,45,1,0.013323068618774414,0.5797778252661976,4.65278547433967,0.7614314317561349,0.6209116991205694
221,SVR_Wallmart_45_2_linear_0.1_0.9_scale,45,2,0.03735709190368652,0.5269441761167757,4.3571744066724385,0.7259092065243253,0.5830450006965485
222,SVR_Wallmart_45_3_linear_0.1_0.9_scale,45,3,0.05171084403991699,0.5330837853966857,4.626926089034299,0.7301258695572194,0.5902193669247127
223,SVR_Wallmart_45_4_linear_0.1_0.9_scale,45,4,0.1211099624633789,0.476926940964369,5.348279846725452,0.6905989726059322,0.5537746846463102
224,SVR_Wallmart_45_5_linear_0.1_0.9_scale,45,5,0.16118764877319336,0.4829243912867489,4.57424507442799,0.6949276158613564,0.5582347188378833
225,SVR_Wallmart_46_1_rbf_0.3_0.3_auto,46,1,0.00819706916809082,0.6037131943019063,12.102698987562869,0.7769898289565355,0.576801625065496
226,SVR_Wallmart_46_2_rbf_0.3_0.3_auto,46,2,0.024111032485961914,0.5005253144498661,4.705938157111911,0.7074781370826,0.5408629578433488
227,SVR_Wallmart_46_3_rbf_0.3_0.3_auto,46,3,0.058767080307006836,0.4988792506093005,3.0837269643421763,0.7063138471029012,0.5460854807890644
228,SVR_Wallmart_46_4_rbf_0.3_0.3_auto,46,4,0.10242891311645508,0.5037070883247549,2.7687337097412428,0.7097232476992387,0.5478410903139667
229,SVR_Wallmart_46_5_rbf_0.3_0.3_auto,46,5,0.1653423309326172,0.48093188173040174,2.956464150034571,0.6934925246391642,0.5338562389291931
230,SVR_Wallmart_47_1_sigmoid_0.8_0.1_scale,47,1,0.014202117919921875,106.65155160184418,372.8509340550821,10.327223809032327,9.121075732771118
231,SVR_Wallmart_47_2_sigmoid_0.8_0.1_scale,47,2,0.04709148406982422,928.5233877940685,1198.6742295685399,30.471681735573252,22.610913253384613
232,SVR_Wallmart_47_3_sigmoid_0.8_0.1_scale,47,3,0.10036849975585938,458.93736410844883,205.76725309204866,21.42282343923062,16.36575363570774
233,SVR_Wallmart_47_4_sigmoid_0.8_0.1_scale,47,4,0.24405598640441895,436.8292389635614,446.1489835877735,20.900460257218295,16.10714675367378
234,SVR_Wallmart_47_5_sigmoid_0.8_0.1_scale,47,5,0.4651167392730713,583.4080285286161,551.9415367122322,24.15384086493525,19.040898535377934
235,SVR_Wallmart_48_1_linear_0.1_0.6_auto,48,1,0.019552946090698242,0.49179969757174397,5.03074074361806,0.7012843200669354,0.5476911566485096
236,SVR_Wallmart_48_2_linear_0.1_0.6_auto,48,2,0.08254837989807129,0.47043274285985,4.005700405580739,0.6858809975934965,0.5340103205343981
237,SVR_Wallmart_48_3_linear_0.1_0.6_auto,48,3,0.21024799346923828,0.45660661018424076,5.809679960325624,0.6757267274455264,0.5256273477865576
238,SVR_Wallmart_48_4_linear_0.1_0.6_auto,48,4,0.2931530475616455,0.4586088463528314,5.140329845585102,0.6772066496667257,0.5311177387075376
239,SVR_Wallmart_48_5_linear_0.1_0.6_auto,48,5,0.5186901092529297,0.44686316082034444,4.903545592866051,0.6684782425930887,0.5204477397831666
240,SVR_Wallmart_49_1_linear_0.5_0.4_scale,49,1,0.04850506782531738,0.4678635588876697,6.690588157818326,0.6840055254803645,0.5179222221260346
241,SVR_Wallmart_49_2_linear_0.5_0.4_scale,49,2,0.4032723903656006,0.42640596707382855,6.946516255327488,0.6529976776940547,0.49469002867516465
242,SVR_Wallmart_49_3_linear_0.5_0.4_scale,49,3,0.8138210773468018,0.4539689273807884,7.374312446705543,0.6737721628123178,0.5129838255961353
243,SVR_Wallmart_49_4_linear_0.5_0.4_scale,49,4,1.1783256530761719,0.4351728406437537,7.125813766939911,0.6596763150544013,0.5054256128722602
244,SVR_Wallmart_49_5_linear_0.5_0.4_scale,49,5,1.1112754344940186,0.43489408112594613,7.059367443220773,0.6594649961339465,0.5052053689377497
245,SVR_Wallmart_50_1_rbf_0.8_0.9_auto,50,1,0.005128383636474609,0.5298306093785656,4.366726458558046,0.7278946416745803,0.5586813103712248
246,SVR_Wallmart_50_2_rbf_0.8_0.9_auto,50,2,0.010968923568725586,0.558231293228102,3.6405105832525035,0.7471487758325661,0.5999837074116893
247,SVR_Wallmart_50_3_rbf_0.8_0.9_auto,50,3,0.023742198944091797,0.5803363666363632,3.745829682186994,0.7617981140934672,0.6117773098035784
248,SVR_Wallmart_50_4_rbf_0.8_0.9_auto,50,4,0.04682660102844238,0.5930230633344133,4.304744852034993,0.7700799071099137,0.620910003833334
249,SVR_Wallmart_50_5_rbf_0.8_0.9_auto,50,5,0.07041788101196289,0.6035065947661218,5.1287800440221405,0.776856868905799,0.6324701646007723